{
  "hash": "7a566d65",
  "configHash": "f8e19392",
  "lockfileHash": "c2e503ba",
  "browserHash": "2bc578c5",
  "optimized": {
    "@angular/core": {
      "src": "../../../../../../node_modules/@angular/core/fesm2022/core.mjs",
      "file": "@angular_core.js",
      "fileHash": "5aa69764",
      "needsInterop": false
    },
    "@angular/platform-browser": {
      "src": "../../../../../../node_modules/@angular/platform-browser/fesm2022/platform-browser.mjs",
      "file": "@angular_platform-browser.js",
      "fileHash": "72f433f7",
      "needsInterop": false
    },
    "@angular/router": {
      "src": "../../../../../../node_modules/@angular/router/fesm2022/router.mjs",
      "file": "@angular_router.js",
      "fileHash": "f5d3aae5",
      "needsInterop": false
    },
    "@ionic/angular": {
      "src": "../../../../../../node_modules/@ionic/angular/fesm2022/ionic-angular.mjs",
      "file": "@ionic_angular.js",
      "fileHash": "c985cbd9",
      "needsInterop": false
    },
    "@ionic/angular/standalone": {
      "src": "../../../../../../node_modules/@ionic/angular/fesm2022/ionic-angular-standalone.mjs",
      "file": "@ionic_angular_standalone.js",
      "fileHash": "4800848d",
      "needsInterop": false
    },
    "ionicons": {
      "src": "../../../../../../node_modules/ionicons/dist/index.js",
      "file": "ionicons.js",
      "fileHash": "3fab42db",
      "needsInterop": false
    },
    "ionicons/icons": {
      "src": "../../../../../../node_modules/ionicons/icons/index.mjs",
      "file": "ionicons_icons.js",
      "fileHash": "53b63c6b",
      "needsInterop": false
    },
    "zone.js": {
      "src": "../../../../../../node_modules/zone.js/fesm2015/zone.js",
      "file": "zone__js.js",
      "fileHash": "06e39ca2",
      "needsInterop": true
    },
    "@angular/common": {
      "src": "../../../../../../node_modules/@angular/common/fesm2022/common.mjs",
      "file": "@angular_common.js",
      "fileHash": "0ad8317c",
      "needsInterop": false
    }
  },
  "chunks": {
    "ion-toast.entry-4GBYW3B5": {
      "file": "ion-toast__entry-4GBYW3B5.js"
    },
    "ion-toggle.entry-JR7SQO2Y": {
      "file": "ion-toggle__entry-JR7SQO2Y.js"
    },
    "ion-select-modal.entry-DAZSGU2Z": {
      "file": "ion-select-modal__entry-DAZSGU2Z.js"
    },
    "ion-select_3.entry-3DFR32EH": {
      "file": "ion-select_3__entry-3DFR32EH.js"
    },
    "ion-spinner.entry-THNCZL4C": {
      "file": "ion-spinner__entry-THNCZL4C.js"
    },
    "ion-split-pane.entry-2P5OMPWM": {
      "file": "ion-split-pane__entry-2P5OMPWM.js"
    },
    "ion-tab-bar_2.entry-AMSYDNJS": {
      "file": "ion-tab-bar_2__entry-AMSYDNJS.js"
    },
    "ion-tab_2.entry-S4JA7B73": {
      "file": "ion-tab_2__entry-S4JA7B73.js"
    },
    "ion-text.entry-HACE6TCC": {
      "file": "ion-text__entry-HACE6TCC.js"
    },
    "ion-textarea.entry-4GJVH7TB": {
      "file": "ion-textarea__entry-4GJVH7TB.js"
    },
    "ion-refresher_2.entry-HL4S7USZ": {
      "file": "ion-refresher_2__entry-HL4S7USZ.js"
    },
    "chunk-EKTWLTWC": {
      "file": "chunk-EKTWLTWC.js"
    },
    "ion-reorder_2.entry-4DNITLP6": {
      "file": "ion-reorder_2__entry-4DNITLP6.js"
    },
    "ion-ripple-effect.entry-MINPP3U6": {
      "file": "ion-ripple-effect__entry-MINPP3U6.js"
    },
    "ion-route_4.entry-ECJXX44L": {
      "file": "ion-route_4__entry-ECJXX44L.js"
    },
    "ion-searchbar.entry-RKUOSUZ3": {
      "file": "ion-searchbar__entry-RKUOSUZ3.js"
    },
    "ion-segment-content.entry-XVXWHZI3": {
      "file": "ion-segment-content__entry-XVXWHZI3.js"
    },
    "ion-segment-view.entry-R6BTWI4C": {
      "file": "ion-segment-view__entry-R6BTWI4C.js"
    },
    "ion-segment_2.entry-7XCPLWZ6": {
      "file": "ion-segment_2__entry-7XCPLWZ6.js"
    },
    "ion-nav_2.entry-QUC2BMTJ": {
      "file": "ion-nav_2__entry-QUC2BMTJ.js"
    },
    "ion-picker-column-option.entry-3QAVDKG7": {
      "file": "ion-picker-column-option__entry-3QAVDKG7.js"
    },
    "ion-picker-column.entry-OBGBRBDD": {
      "file": "ion-picker-column__entry-OBGBRBDD.js"
    },
    "ion-picker.entry-GOUWL7Q3": {
      "file": "ion-picker__entry-GOUWL7Q3.js"
    },
    "ion-popover.entry-E4ZN3N7A": {
      "file": "ion-popover__entry-E4ZN3N7A.js"
    },
    "ion-progress-bar.entry-ZV2XOZFE": {
      "file": "ion-progress-bar__entry-ZV2XOZFE.js"
    },
    "ion-radio_2.entry-ALC77DLT": {
      "file": "ion-radio_2__entry-ALC77DLT.js"
    },
    "chunk-4YTI4ER5": {
      "file": "chunk-4YTI4ER5.js"
    },
    "ion-range.entry-WPJWUWPM": {
      "file": "ion-range__entry-WPJWUWPM.js"
    },
    "ion-input-otp.entry-6MDIXQQY": {
      "file": "ion-input-otp__entry-6MDIXQQY.js"
    },
    "ion-input-password-toggle.entry-MSXNLZOG": {
      "file": "ion-input-password-toggle__entry-MSXNLZOG.js"
    },
    "ion-input.entry-7SLN6VSN": {
      "file": "ion-input__entry-7SLN6VSN.js"
    },
    "chunk-AGUZMAF4": {
      "file": "chunk-AGUZMAF4.js"
    },
    "chunk-4KSKXIYV": {
      "file": "chunk-4KSKXIYV.js"
    },
    "ion-item-option_3.entry-PINRNXAA": {
      "file": "ion-item-option_3__entry-PINRNXAA.js"
    },
    "chunk-BW7P24PA": {
      "file": "chunk-BW7P24PA.js"
    },
    "ion-item_8.entry-54MAROWP": {
      "file": "ion-item_8__entry-54MAROWP.js"
    },
    "ion-loading.entry-AWTY3OGV": {
      "file": "ion-loading__entry-AWTY3OGV.js"
    },
    "ion-menu_3.entry-3CX6RTTP": {
      "file": "ion-menu_3__entry-3CX6RTTP.js"
    },
    "ion-modal.entry-UDGUNPIT": {
      "file": "ion-modal__entry-UDGUNPIT.js"
    },
    "ion-checkbox.entry-KP2VCK52": {
      "file": "ion-checkbox__entry-KP2VCK52.js"
    },
    "ion-chip.entry-BAI6SYWG": {
      "file": "ion-chip__entry-BAI6SYWG.js"
    },
    "ion-col_3.entry-PRVU75KY": {
      "file": "ion-col_3__entry-PRVU75KY.js"
    },
    "ion-datetime-button.entry-RUXGCKOD": {
      "file": "ion-datetime-button__entry-RUXGCKOD.js"
    },
    "ion-datetime_3.entry-I7EJQ75C": {
      "file": "ion-datetime_3__entry-I7EJQ75C.js"
    },
    "chunk-NDKYFXJ2": {
      "file": "chunk-NDKYFXJ2.js"
    },
    "ion-fab_3.entry-SYBUKELF": {
      "file": "ion-fab_3__entry-SYBUKELF.js"
    },
    "ion-img.entry-UAK3DWCO": {
      "file": "ion-img__entry-UAK3DWCO.js"
    },
    "ion-infinite-scroll_2.entry-43JN7ANN": {
      "file": "ion-infinite-scroll_2__entry-43JN7ANN.js"
    },
    "swipe-back-BKw2CAHc-YR3VRZ7E": {
      "file": "swipe-back-BKw2CAHc-YR3VRZ7E.js"
    },
    "ion-app_8.entry-UG53QSCE": {
      "file": "ion-app_8__entry-UG53QSCE.js"
    },
    "chunk-ACTGXBFA": {
      "file": "chunk-ACTGXBFA.js"
    },
    "chunk-5NKZUR6M": {
      "file": "chunk-5NKZUR6M.js"
    },
    "ion-avatar_3.entry-E3IQMHLV": {
      "file": "ion-avatar_3__entry-E3IQMHLV.js"
    },
    "ion-back-button.entry-RB5SOHOY": {
      "file": "ion-back-button__entry-RB5SOHOY.js"
    },
    "ion-backdrop.entry-PD7JT2CS": {
      "file": "ion-backdrop__entry-PD7JT2CS.js"
    },
    "ion-breadcrumb_2.entry-DI76LDMP": {
      "file": "ion-breadcrumb_2__entry-DI76LDMP.js"
    },
    "ion-button_2.entry-4PS47V4O": {
      "file": "ion-button_2__entry-4PS47V4O.js"
    },
    "ion-card_5.entry-VYFSGGW5": {
      "file": "ion-card_5__entry-VYFSGGW5.js"
    },
    "ion-alert.entry-C3H2UAUK": {
      "file": "ion-alert__entry-C3H2UAUK.js"
    },
    "ios.transition-Bpq9ixwv-YSK7OBMT": {
      "file": "ios__transition-Bpq9ixwv-YSK7OBMT.js"
    },
    "md.transition-zOA0oanq-X3HDD4YO": {
      "file": "md__transition-zOA0oanq-X3HDD4YO.js"
    },
    "index-ceb5RaMT-WI25LX5L": {
      "file": "index-ceb5RaMT-WI25LX5L.js"
    },
    "status-tap-5DQ7Fc4V-2KZX2SSF": {
      "file": "status-tap-5DQ7Fc4V-2KZX2SSF.js"
    },
    "input-shims-DyOpfTg6-765RQHOF": {
      "file": "input-shims-DyOpfTg6-765RQHOF.js"
    },
    "chunk-WKTWFC2T": {
      "file": "chunk-WKTWFC2T.js"
    },
    "keyboard-ywgs5efA-XYMYC7T4": {
      "file": "keyboard-ywgs5efA-XYMYC7T4.js"
    },
    "chunk-QGLHSLIO": {
      "file": "chunk-QGLHSLIO.js"
    },
    "chunk-UDOB7BMP": {
      "file": "chunk-UDOB7BMP.js"
    },
    "focus-visible-BmVRXR1y-ZTBN6E5W": {
      "file": "focus-visible-BmVRXR1y-ZTBN6E5W.js"
    },
    "chunk-QRN5AHKQ": {
      "file": "chunk-QRN5AHKQ.js"
    },
    "index7-EU7GZN53": {
      "file": "index7-EU7GZN53.js"
    },
    "status-tap-GMHL4MGD": {
      "file": "status-tap-GMHL4MGD.js"
    },
    "input-shims-FGD6L5NS": {
      "file": "input-shims-FGD6L5NS.js"
    },
    "focus-visible-XBL42XGV": {
      "file": "focus-visible-XBL42XGV.js"
    },
    "ion-accordion_2.entry-GLGI3LQC": {
      "file": "ion-accordion_2__entry-GLGI3LQC.js"
    },
    "chunk-IUTD4BIB": {
      "file": "chunk-IUTD4BIB.js"
    },
    "index-CfgBF1SE-YQMITAOU": {
      "file": "index-CfgBF1SE-YQMITAOU.js"
    },
    "hardware-back-button-CPLxO-Ev-4CLLCCZX": {
      "file": "hardware-back-button-CPLxO-Ev-4CLLCCZX.js"
    },
    "ion-action-sheet.entry-UIKMOCCM": {
      "file": "ion-action-sheet__entry-UIKMOCCM.js"
    },
    "chunk-X7UIAMYP": {
      "file": "chunk-X7UIAMYP.js"
    },
    "chunk-32GL4UXS": {
      "file": "chunk-32GL4UXS.js"
    },
    "chunk-V3DEFQ3K": {
      "file": "chunk-V3DEFQ3K.js"
    },
    "chunk-KH3VUFSP": {
      "file": "chunk-KH3VUFSP.js"
    },
    "ion-icon.entry-DGDDOO56": {
      "file": "ion-icon__entry-DGDDOO56.js"
    },
    "ios.transition-X75TLWC5": {
      "file": "ios__transition-X75TLWC5.js"
    },
    "md.transition-ZGL6S44H": {
      "file": "md__transition-ZGL6S44H.js"
    },
    "index3-WDJJIG5O": {
      "file": "index3-WDJJIG5O.js"
    },
    "hardware-back-button-GTEQI45J": {
      "file": "hardware-back-button-GTEQI45J.js"
    },
    "swipe-back-FYHOR2D6": {
      "file": "swipe-back-FYHOR2D6.js"
    },
    "keyboard-DJSYFZAF": {
      "file": "keyboard-DJSYFZAF.js"
    },
    "chunk-NMQOMRJI": {
      "file": "chunk-NMQOMRJI.js"
    },
    "chunk-D6MKN2U2": {
      "file": "chunk-D6MKN2U2.js"
    },
    "chunk-L6ISKHKK": {
      "file": "chunk-L6ISKHKK.js"
    },
    "chunk-IUXA2G6D": {
      "file": "chunk-IUXA2G6D.js"
    },
    "chunk-G5UZVNUA": {
      "file": "chunk-G5UZVNUA.js"
    },
    "chunk-IKS2SDKY": {
      "file": "chunk-IKS2SDKY.js"
    },
    "chunk-A2LNN7IT": {
      "file": "chunk-A2LNN7IT.js"
    },
    "chunk-34QX6F67": {
      "file": "chunk-34QX6F67.js"
    },
    "chunk-WLSJ56YM": {
      "file": "chunk-WLSJ56YM.js"
    },
    "chunk-TESC7FHT": {
      "file": "chunk-TESC7FHT.js"
    },
    "chunk-HN2DDQCD": {
      "file": "chunk-HN2DDQCD.js"
    },
    "chunk-SC5DTVJL": {
      "file": "chunk-SC5DTVJL.js"
    },
    "chunk-AO2SCN6U": {
      "file": "chunk-AO2SCN6U.js"
    },
    "chunk-CTKQQSC7": {
      "file": "chunk-CTKQQSC7.js"
    },
    "chunk-YHTFT7Q3": {
      "file": "chunk-YHTFT7Q3.js"
    },
    "chunk-UEZWWRPO": {
      "file": "chunk-UEZWWRPO.js"
    },
    "chunk-F5M5WSDG": {
      "file": "chunk-F5M5WSDG.js"
    },
    "chunk-SYQMTIUL": {
      "file": "chunk-SYQMTIUL.js"
    },
    "chunk-Z3OEOVFM": {
      "file": "chunk-Z3OEOVFM.js"
    },
    "chunk-QA2SYHF5": {
      "file": "chunk-QA2SYHF5.js"
    },
    "chunk-7B6TYJ6P": {
      "file": "chunk-7B6TYJ6P.js"
    },
    "chunk-LCMILTBF": {
      "file": "chunk-LCMILTBF.js"
    },
    "chunk-F6NUVNFE": {
      "file": "chunk-F6NUVNFE.js"
    },
    "chunk-JSQ5USXY": {
      "file": "chunk-JSQ5USXY.js"
    },
    "chunk-D5NJNBWA": {
      "file": "chunk-D5NJNBWA.js"
    },
    "chunk-PKMUV3HZ": {
      "file": "chunk-PKMUV3HZ.js"
    },
    "chunk-PGPTMLL3": {
      "file": "chunk-PGPTMLL3.js"
    },
    "chunk-PMTKRSGE": {
      "file": "chunk-PMTKRSGE.js"
    },
    "chunk-JTFYPPJN": {
      "file": "chunk-JTFYPPJN.js"
    },
    "chunk-4554YRK6": {
      "file": "chunk-4554YRK6.js"
    },
    "chunk-6U2AQA2C": {
      "file": "chunk-6U2AQA2C.js"
    },
    "chunk-2H3NLAAY": {
      "file": "chunk-2H3NLAAY.js"
    },
    "chunk-QEE7QVES": {
      "file": "chunk-QEE7QVES.js"
    },
    "chunk-PI7RM6D6": {
      "file": "chunk-PI7RM6D6.js"
    },
    "chunk-WP25W4UZ": {
      "file": "chunk-WP25W4UZ.js"
    },
    "chunk-NFU5CDGC": {
      "file": "chunk-NFU5CDGC.js"
    },
    "chunk-R4MDFPQV": {
      "file": "chunk-R4MDFPQV.js"
    },
    "chunk-QHQP2P2Z": {
      "file": "chunk-QHQP2P2Z.js"
    }
  }
}